id;date;mugshot_url;person_details;event_description;evidence_photos_url
1;2019-10-02T16:13:36;AI optical invoice;Marketing;Dynamic Home Loan Account Tools;Branding
2;2019-10-02T14:23:22;clear-thinking;Latvia;Ports Manager Fish;Networked
3;2019-10-03T05:56:51;navigate;program alarm;Nevada;Berkshire
4;2019-10-02T22:29:07;Ergonomic;Strategist target;Investor users dot-com;North Dakota Cambridgeshire
5;2019-10-03T09:04:16;sensor;Alaska;deposit Chips Applications;uniform PCI back up
6;2019-10-02T14:53:01;hardware Venezuela Wisconsin;SDD disintermediate reinvent;eco-centric Bedfordshire mesh;Configuration UIC-Franc
7;2019-10-03T00:04:33;Intelligent;Zambian Kwacha intuitive;Bedfordshire;portal calculating Metal
8;2019-10-02T20:44:36;France protocol;open-source HDD;Sleek Beauty Auto Loan Account;deposit
9;2019-10-02T20:54:36;auxiliary Human;Tools California;North Dakota Garden;Towels Specialist
10;2019-10-02T17:37:22;TCP Assimilated;compressing;Brunei Darussalam interface;compress lavender Investment Account
