id;name;surname;birth_date;age;adress;nationality;sex;alias;jhi_rank
1;mobile Fish;Home Loan Account Table Computer;2019-08-14T10:32:20;45924;seamless Metal deposit;FRENCH;Male;methodology Albania;43194
2;intangible;enable Gorgeous Frozen Pants;2019-08-14T06:20:47;45606;bluetooth;FRENCH;Female;Automotive;94220
3;South Dakota envisioneer Music;Nakfa;2019-08-14T01:22:10;68326;Investment Account;RUSSIAN;Female;Mayotte;18485
4;Facilitator;Views e-enable Communications;2019-08-13T18:28:43;92187;Awesome;FRENCH;Male;Louisiana Specialist Home Loan Account;27599
5;scalable;Small;2019-08-13T12:14:52;42340;reinvent 24 hour Jewelery;NORTH_AMERICAN;Male;Frozen IB;62329
6;archive Fantastic Plastic Chicken;payment;2019-08-13T21:44:31;63755;COM;ITALIAN;Female;Sleek Metal Table Small;43933
7;red;withdrawal knowledge base Buckinghamshire;2019-08-13T14:09:06;13933;Investment Account;SPANISH;Male;Salad Web virtual;63340
8;RSS;mint green e-business EXE;2019-08-14T04:08:55;80744;National;FRENCH;Male;Jewelery cutting-edge;30478
9;Hat;supply-chains magenta;2019-08-14T09:03:22;26941;User-centric Gloves;ITALIAN;Male;Buckinghamshire capability zero tolerance;3688
10;Personal Loan Account;paradigms Home;2019-08-14T03:39:05;90826;Public-key Granite;CANADIAN;Male;Re-contextualized;80313
